
-- MySQL dump 10.13  Distrib 5.7.19, for macos10.12 (x86_64)
--
-- Host: 127.0.0.1    Database: Hotel
-- ------------------------------------------------------
-- Server version	5.7.19-log

/*!40101 SET @OLD_CHARACTER_SET_CLIENT=@@CHARACTER_SET_CLIENT */;
/*!40101 SET @OLD_CHARACTER_SET_RESULTS=@@CHARACTER_SET_RESULTS */;
/*!40101 SET @OLD_COLLATION_CONNECTION=@@COLLATION_CONNECTION */;
/*!40101 SET NAMES utf8 */;
/*!40103 SET @OLD_TIME_ZONE=@@TIME_ZONE */;
/*!40103 SET TIME_ZONE='+00:00' */;
/*!40014 SET @OLD_UNIQUE_CHECKS=@@UNIQUE_CHECKS, UNIQUE_CHECKS=0 */;
/*!40014 SET @OLD_FOREIGN_KEY_CHECKS=@@FOREIGN_KEY_CHECKS, FOREIGN_KEY_CHECKS=0 */;
/*!40101 SET @OLD_SQL_MODE=@@SQL_MODE, SQL_MODE='NO_AUTO_VALUE_ON_ZERO' */;
/*!40111 SET @OLD_SQL_NOTES=@@SQL_NOTES, SQL_NOTES=0 */;

--
-- Table structure for table `Coupon`
--

SET NAMES utf8mb4;
SET FOREIGN_KEY_CHECKS = 0;
DROP TABLE IF EXISTS `Coupon`;
/*!40101 SET @saved_cs_client     = @@character_set_client */;
/*!40101 SET character_set_client = utf8 */;
CREATE TABLE `Coupon` (
  `id` int(11) NOT NULL AUTO_INCREMENT,
  `description` varchar(255) DEFAULT NULL,
  `hotelId` int(11) DEFAULT '-1',
  `couponType` int(11) NOT NULL,
  `couponName` varchar(255) NOT NULL,
  `target_money` int(11) DEFAULT NULL,
  `discount` double DEFAULT NULL,
  `status` int(11) DEFAULT NULL,
  `start_time` datetime DEFAULT NULL,
  `end_time` datetime DEFAULT NULL,
  `discount_money` int(11) DEFAULT NULL,
  PRIMARY KEY (`id`)
) ENGINE=InnoDB AUTO_INCREMENT=3 DEFAULT CHARSET=utf8;
/*!40101 SET character_set_client = @saved_cs_client */;

--
-- Dumping data for table `Coupon`
--


--
-- Table structure for table `Hotel`
--

DROP TABLE IF EXISTS `Hotel`;
/*!40101 SET @saved_cs_client     = @@character_set_client */;
/*!40101 SET character_set_client = utf8 */;
CREATE TABLE `Hotel` (
  `id` int(11) NOT NULL AUTO_INCREMENT,
  `hotelName` varchar(255) NOT NULL,
  `hotelDescription` varchar(255) DEFAULT NULL,
  `address` varchar(255) DEFAULT NULL,
  `bizRegion` varchar(255) DEFAULT NULL,
  `hotelStar` varchar(255) DEFAULT NULL,
  `phoneNum` int(11) DEFAULT NULL,
  `rate` double DEFAULT NULL,
  `manager_id` int(11) DEFAULT NULL,
  PRIMARY KEY (`id`)
) ENGINE=InnoDB AUTO_INCREMENT=4 DEFAULT CHARSET=utf8;
/*!40101 SET character_set_client = @saved_cs_client */;

--
-- Dumping data for table `Hotel`
--

BEGIN;
/*!40000 ALTER TABLE `Hotel` DISABLE KEYS */;
INSERT INTO `Hotel` VALUES (1,'汉庭酒店','南京市鼓楼区管家桥47号','南京','新街口','Three',1829373819,3.8,1),(2,'如家酒店','南京市秦淮区淮海路36号','南京','新街口','Three',1829373819,4.4,1),(3,'金陵饭店','南京市新街口汉中路2号','南京','新街口','Five',1829373819,4.9,1),(4,'南大国际会议中心','
南京市栖霞区仙林大道163号','南京','仙林中心','Five',1829553719,4.9,6),(5,'七天酒店','
上海市浦东新区川沙路3488号','浦东新区','浦东机场','Three',1829553719,4.1,6),(6,'W酒店','
苏州市苏州工业园区苏州中心7栋','苏州','东方之门','Five',1829553719,4.7,6),(7,'书香世家酒店','南京市鼓楼区管家桥65号','南京','新街口','Four',1829373819,4.8,1),(8,'锦江之星','南京市秦淮区中山南路219号','南京','新街口','Three',1829373819,3.9,1),(9,'新纪元大酒店','南京市鼓楼区中山路251-1号','南京','新街口','Four',1829373819,4.4,1);
/*!40000 ALTER TABLE `Hotel` ENABLE KEYS */;
COMMIT;

--
-- Table structure for table `OrderList`
--

DROP TABLE IF EXISTS `OrderList`;
/*!40101 SET @saved_cs_client     = @@character_set_client */;
/*!40101 SET character_set_client = utf8 */;
CREATE TABLE `OrderList` (
  `id` int(11) NOT NULL AUTO_INCREMENT,
  `userId` int(11) DEFAULT NULL,
  `hotelId` int(11) DEFAULT NULL,
  `hotelName` varchar(255) DEFAULT NULL,
  `checkInDate` varchar(255) DEFAULT NULL,
  `checkOutDate` varchar(255) DEFAULT NULL,
  `roomType` varchar(255) DEFAULT NULL,
  `roomNum` int(255) DEFAULT NULL,
  `peopleNum` int(255) DEFAULT NULL,
  `haveChild` tinytext,
  `createDate` varchar(255) DEFAULT NULL,
  `price` decimal(65,0) DEFAULT NULL,
  `clientName` varchar(255) DEFAULT NULL,
  `phoneNumber` varchar(255) DEFAULT NULL,
  `orderState` varchar(255) DEFAULT NULL,
  PRIMARY KEY (`id`)
) ENGINE=InnoDB AUTO_INCREMENT=14 DEFAULT CHARSET=utf8;
/*!40101 SET character_set_client = @saved_cs_client */;

--
-- Dumping data for table `OrderList`
--

/*!40000 ALTER TABLE `OrderList` DISABLE KEYS */;
/*!40000 ALTER TABLE `OrderList` ENABLE KEYS */;

--
-- Table structure for table `Room`
--

DROP TABLE IF EXISTS `Room`;
/*!40101 SET @saved_cs_client     = @@character_set_client */;
/*!40101 SET character_set_client = utf8 */;
CREATE TABLE `Room` (
  `id` int(11) NOT NULL AUTO_INCREMENT,
  `price` double DEFAULT NULL,
  `curNum` int(11) DEFAULT NULL,
  `total` int(11) DEFAULT NULL,
  `hotel_id` int(11) DEFAULT NULL,
  `roomType` varchar(50) DEFAULT NULL,
  PRIMARY KEY (`id`)
) ENGINE=InnoDB AUTO_INCREMENT=7 DEFAULT CHARSET=utf8;
/*!40101 SET character_set_client = @saved_cs_client */;

--
-- Dumping data for table `Room`
--

BEGIN;
/*!40000 ALTER TABLE `Room` DISABLE KEYS */;
INSERT INTO `Room` VALUES (1,199,20,20,1,'BigBed'),(2,299,30,30,1,'DoubleBed'),(3,399,10,10,1,'Family'),(4,399,10,10,2,'Family'),(5,699,30,30,3,'DoubleBed'),(6,599,20,20,3,'BigBed'),(7,399,20,20,4,'BigBed'),(8,499,30,30,4,'DoubleBed'),(9,399,10,10,5,'Family'),(10,999,10,10,6,'Family'),(11,399,20,20,7,'BigBed'),(12,499,30,30,7,'DoubleBed'),(13,199,30,30,8,'DoubleBed'),(14,399,10,10,9,'Family');
/*!40000 ALTER TABLE `Room` ENABLE KEYS */;
COMMIT;

--
-- Table structure for table `User`
--

DROP TABLE IF EXISTS `User`;
/*!40101 SET @saved_cs_client     = @@character_set_client */;
/*!40101 SET character_set_client = utf8 */;
CREATE TABLE `User` (
  `id` int(11) NOT NULL AUTO_INCREMENT,
  `email` varchar(255) DEFAULT NULL,
  `password` varchar(11) NOT NULL,
  `username` varchar(255) DEFAULT NULL,
  `phonenumber` varchar(255) DEFAULT NULL,
  `credit` double(255,0) DEFAULT NULL,
  `usertype` varchar(255) DEFAULT NULL,
  PRIMARY KEY (`id`)
) ENGINE=InnoDB AUTO_INCREMENT=7 DEFAULT CHARSET=utf8;
/*!40101 SET character_set_client = @saved_cs_client */;

--
-- Dumping data for table `User`
--

BEGIN;
/*!40000 ALTER TABLE `User` DISABLE KEYS */;
INSERT INTO `User` VALUES (1,'hotel1@qq.com','123456','酒店管理1','1829373819',100,'HotelManager'),(4,'manager1@qq.com','123456','网站管理1','12345678919',100,'Manager'),(5,'client1@qq.com','123456','客户1','12345678911',100,'Client'),(6,'hotel2@qq.com','123456','酒店管理2','1829553719',100,'HotelManager'),(2,'marketer1@qq.com','123456','网站营销1','1829553719',100,'Marketer'),(7,'client2@qq.com','123456','客户2','12345678911',-1001,'Client');
/*!40000 ALTER TABLE `User` ENABLE KEYS */;
COMMIT;
/*!40103 SET TIME_ZONE=@OLD_TIME_ZONE */;

/*!40101 SET SQL_MODE=@OLD_SQL_MODE */;
/*!40014 SET FOREIGN_KEY_CHECKS=@OLD_FOREIGN_KEY_CHECKS */;
/*!40014 SET UNIQUE_CHECKS=@OLD_UNIQUE_CHECKS */;
/*!40101 SET CHARACTER_SET_CLIENT=@OLD_CHARACTER_SET_CLIENT */;
/*!40101 SET CHARACTER_SET_RESULTS=@OLD_CHARACTER_SET_RESULTS */;
/*!40101 SET COLLATION_CONNECTION=@OLD_COLLATION_CONNECTION */;
/*!40111 SET SQL_NOTES=@OLD_SQL_NOTES */;

-- Dump completed on 2020-04-12 10:08:42
SET FOREIGN_KEY_CHECKS = 1;